name,work,price,pd,city,age
"مزدا،3 جدید صندوق دار (مونتاژ)، 2.0 لیتر تیپ 4",65000,342000000,1395,tehran,3
"بنز،کلاس C، C200",70000,720000000,2013,tehran,6
"ب ام و،X4، 28",22500,1590000000,2016,tehran,3
"پژو،206 SD، V8",217000,66000000,1392,tehran,6
"بنز،کلاس C، C200",180000,660000000,2012,tehran,7
"پژو،206،  تیپ 5",0,105500000,1398,tehran,0
"رنو،تندر90، E2",70000,95500000,1395,tehran,3
"پراید،صندوق دار",400000,27000000,1387,tehran,11
"رنو،تندر90، E2",45000,128000000,1396,tehran,2
"بنز،کلاس C، C200",137000,690000000,2012,tehran,7
"بنز،کلاس C، C200",120000,820000000,2014,tehran,5
"پژو،206،  تیپ 5",55000,91000000,1396,tehran,2
"پژو،206،  تیپ 5",36000,94000000,1396,tehran,2
"پژو،206،  تیپ 2",16000,82000000,1397,tehran,1
"پژو،206،  تیپ 5",81000,79000000,1395,tehran,3
"پژو،206 SD، V8",107000,78000000,1393,tehran,5
"پژو،206،  تیپ 5",41000,91500000,1396,tehran,2
"سمند،LX، ساده",230000,41000000,1388,tehran,10
"پژو،405، GLX بنزینی",200000,30500000,1384,tehran,14
"پژو،206،  تیپ 5",12000,99000000,1397,tehran,1
"پژو،206،  تیپ 5",20000,101000000,1397,tehran,1
"تویوتا،اف جی کروز",100000,1115000000,2012,tehran,7
فولکس،پاسات,40000,810000000,2018,tehran,1
"چری،تیگو 7، اکسلنت",49000,324000000,1397,tehran,1
"تیبا،هاچ بک، EX",4000,61500000,1398,tehran,0
"ام وی ام،X33 S، اتوماتیک اسپرت",0,235000000,1398,tehran,0
فولکس،گل,215000,48000000,1386,tehran,12
"نیسان،جوک، پلاتینیوم",33000,420000000,2017,tehran,2
"نیسان،جوک، اسپرت",29000,520000000,2016,tehran,3
"مزدا،3 جدید صندوق دار (مونتاژ)، 2.0 لیتر تیپ 4",36500,362000000,1396,tehran,2
"تویوتا،یاریس صندوق دار",130000,180000000,2008,tehran,11
"پژو،پارس، ساده",61000,74500000,1393,tehran,5
"تویوتا،کرولا، XLI",185000,190000000,2006,tehran,13
"چری،تیگو 5، IE",16500,270000000,1397,tehran,1
"پژو،پارس، ساده",160000,43000000,1385,tehran,13
"پژو،405، GLX بنزینی",120000,55000000,1393,tehran,5
"دانگ فنگ،H30 کراس",4500,150000000,1398,tehran,0
"تویوتا،C-HR، دیفرانسیل جلو",37000,650000000,2017,tehran,2
"جیلی،GC6، اکسلنت",0,140000000,1397,tehran,1
"کیا،اپتیما، GT لاین",60000,585000000,2016,tehran,3
وانت،آریسان,0,69900000,1398,tehran,0
"مزدا،3 (مونتاژ)، تیپ2",177,148000000,1387,tehran,11
"پژو،206،  تیپ 2",57000,80500000,1396,tehran,2
"پژو،405، GLX بنزینی",49000,55000000,1393,tehran,5
وانت،آریسان,18200,56500000,1395,tehran,3
"ام وی ام،315هاچ بک، اسپرت اکسلنت",30000,105000000,1397,tehran,1
"کیا،موهاوی، 8 سیلندر",100000,630000000,2011,tehran,8
"ب ام و،X4، 28",35000,1430000000,2016,tehran,3
"تویوتا،پرادو  چهار در،  6 سیلندر آنرود",160000,1100000000,2010,tehran,9
"چری،آریزو 6، اکسلنت",0,345000000,1398,tehran,0
"پژو،206 SD، V8",77000,72000000,1393,tehran,5
"لکسوس،NX، 200 توربو  fsport",40000,1200000000,2016,tehran,3
"تویوتا،لندکروز چهار در، 6 سیلندر 4.5",155000,1500000000,2011,tehran,8
"هیوندای،آزرا (گرنجور)",48000,570000000,2013,tehran,6
"ولوو،XC90، اینسکریپشن",60000,1800000000,2017,tehran,2
"دانگ فنگ،H30 کراس",40000,137000000,1397,tehran,1
"کیا،سورنتو، GT لاین",60000,985000000,2017,tehran,2
"کیا،سورنتو، ساده",190000,295000000,2008,tehran,11
"دانگ فنگ،H30 کراس",8100,150000000,1398,tehran,0
"تیبا،هاچ بک، EX",109000,51500000,1395,tehran,3
"پژو،206 SD، V8",27000,93000000,1396,tehran,2
"پژو،206 SD، V8",65000,80000000,1394,tehran,4
رنو،کولیوس,215000,325000000,2014,tehran,5
"پژو،405، GLX بنزینی",95000,54000000,1392,tehran,6
"میتسوبیشی،پاجرو دو در،  6 سیلندر",167000,460000000,2008,tehran,11
"میتسوبیشی،ASX، تیپ 4",28000,490000000,2017,tehran,2
"پورشه،کاین،  6 سیلندر",130000,680000000,2009,tehran,10
"هیوندای،اکسنت، فول",60000,245000000,2015,tehran,4
"ام جی،GS",104000,330000000,2016,tehran,3
رنو،کولیوس,17000,760000000,2017,tehran,2
"هیوندای،سوناتا هیبرید، تیپ 2 (GLS)",34000,630000000,2017,tehran,2
"جک،S5، اتوماتیک",52000,260000000,1396,tehran,2
پورشه،ماکان,37000,1700000000,2015,tehran,4
"بورگوارد،BX5، آلتیمیت",0,610000000,2018,tehran,1
فولکس،پاسات,26000,860000000,2018,tehran,1
نیسان،رونیز,280000,165000000,1382,tehran,16
"تویوتا،لندکروز چهار در، 6 سیلندر 4.5",300000,590000000,2001,tehran,18
"دنا،پلاس، دنده ای ساده",0,146500000,1398,tehran,0
"میتسوبیشی،لنسر، 1.8 لیتر اتوماتیک",0,410000000,2018,tehran,1
"ب ام و،سری 5 سدان، 520i",210000,295000000,2005,tehran,14
"ام وی ام،315هاچ بک، اسپرت اکسلنت",0,140000000,1398,tehran,0
"چری،تیگو 5، IL",0,312900000,1398,tehran,0
"کیا،سورنتو، GT لاین",40500,915000000,2017,tehran,2
"تویوتا،کرولا، GLI",88000,420000000,2015,tehran,4
"ب ام و،X4، 28",25000,1520000000,2015,tehran,4
"تویوتا،پرادو  چهار در، 4 سیلندر",230000,445000000,2005,tehran,14
"بایک،سابرینا هاچ بک (مونتاژ)",4000,135000000,1397,tehran,1
"ام وی ام،X33 S، اتوماتیک اسپرت",0,236000000,1398,tehran,0
"پورشه،پانامرا، 4S",54000,1950000000,2012,tehran,7
"لکسوس،NX هیبرید، 300h fsport",28000,1350000000,2017,tehran,2
رنو،کولیوس,0,920000000,2018,tehran,1
رنو،کولیوس,13000,845000000,2018,tehran,1
"کیا،سورنتو، GT لاین",38000,950000000,2017,tehran,2
هیوندای،i30,123000,185000000,2011,tehran,8
"کیا،سورنتو، GT لاین",27000,955000000,2017,tehran,2
"پژو،206،  تیپ 5",59000,94000000,1396,tehran,2
هایما،S5,60000,250000000,1397,tehran,1
"هیوندای،سوناتا هیبرید، تیپ 3 (GLS Plus)",23000,700000000,2017,tehran,2
آلفارومئو،میتو,60000,335000000,2014,tehran,5
"دنا،پلاس، دنده ای ساده",0,153000000,1398,tehran,0
"رنو،تندر90، E2",220000,67000000,1388,tehran,10
"دانگ فنگ،H30 کراس",2000,147000000,1397,tehran,1
"سانگ یانگ،نیو کوراندو، پرمیوم پلاس",0,485000000,2018,tehran,1
"پژو،پارس، اتوماتیک",0,147500000,1398,tehran,0
"کیا،سورنتو، GT لاین",36000,970000000,2017,tehran,2
"ب ام و،سری 5 سدان، 520i",70000,920000000,2014,tehran,5
"پراید،صندوق دار",180700,23500000,1385,tehran,13
"سمند،LX، ساده",188000,46500000,1390,tehran,8
"پژو،206 SD، V8",107000,62000000,1389,tehran,9
"هایما،S7،   1.8 لیتر توربو",33000,264000000,1396,tehran,2
"ب ام و،X4، 28",10000,1730000000,2017,tehran,2
"پژو،206،  تیپ 2",0,92700000,1398,tehran,0
"مزدا،3 جدید صندوق دار (مونتاژ)، 2.0 لیتر تیپ 4",35000,379000000,1397,tehran,1
"نیسان،پیکاپ دو کابین",250000,135000000,1384,tehran,14
"پژو،206،  تیپ 5",55000,92000000,1396,tehran,2
"مزدا،3 جدید صندوق دار (مونتاژ)، 2.0 لیتر تیپ 3",117000,236000000,1389,tehran,9
"تویوتا،کمری، GL",170000,225000000,2007,tehran,12
"پژو،206،  تیپ 5",0,109900000,1398,tehran,0
"سیتروئن،زانتیا، 1.8 لیتر سوپرلوکس",250000,70000000,1383,tehran,15
هایما،S5,0,289000000,1398,tehran,0
"تویوتا،C-HR، تمام چرخ محرک",22000,800000000,2018,tehran,1
پورشه،ماکان,34000,2150000000,2017,tehran,2
"تویوتا،پرادو دو در، 4 سیلندر",100000,850000000,2012,tehran,7
"لکسوس،NX، 200 توربو  fsport",62000,1220000000,2017,tehran,2
"پورشه،کاین، S",70000,2000000000,2013,tehran,6
فولکس،پاسات,20000,835000000,2018,tehran,1
"پورشه،پانامرا، 4S",69000,1950000000,2012,tehran,7
"کیا،اپتیما، GT لاین",40000,645000000,2016,tehran,3
"بنز،کلاس C، C350",78000,900000000,2013,tehran,6
"تویوتا،کرولا، GLI",122000,225000000,2007,tehran,12
"پژو،206،  تیپ 5",85000,83500000,1394,tehran,4
"ب ام و،سری 5 سدان، 525i",160000,295000000,2005,tehran,14
"لکسوس،NX هیبرید، 300h",62000,1360000000,2017,tehran,2
"بنز،کلاس C، C200",90000,800000000,2014,tehran,5
"پورشه،کاین،  6 سیلندر",128000,700000000,2009,tehran,10
"ب ام و،سری 3 سدان، 328i",65000,770000000,2014,tehran,5
"ب ام و،X4، 28",32000,1820000000,2017,tehran,2
هاوال،H2,0,325000000,1398,tehran,0
"جک،S5، اتوماتیک",23000,275000000,1397,tehran,1
"پورشه،پانامرا، 4S",70000,1700000000,2012,tehran,7
"بنز،کلاس CLS، CLS350",78000,1300000000,2012,tehran,7
"ب ام و،سری 3 سدان، 320i",90000,710000000,2014,tehran,5
کیا،پیکانتو,120000,165000000,2013,tehran,6
"لکسوس،NX، 200 توربو  fsport",26000,1185000000,2016,tehran,3
"پراید،131، SE",0,50100000,1398,tehran,0
"ساینا،EX دنده ای",0,64900000,1398,tehran,0
"رنو،تندر90، E2",75000,93000000,1395,tehran,3
"ب ام و،X4، 28",50000,1400000000,2015,tehran,4
"پژو،206،  تیپ 5",0,111200000,1398,tehran,0
"پراید،132، ساده",230000,32500000,1388,tehran,10
"ب ام و،سری 3 سدان، 320i",9000,1070000000,2018,tehran,1
"هیوندای،سوناتا هیبرید، تیپ 3 (GLS Plus)",37000,685000000,2017,tehran,2
"میتسوبیشی،ASX، تیپ 4",62000,420000000,2015,tehran,4
"میتسوبیشی،اوتلندر، تیپ 4",31000,495000000,2015,tehran,4
"بنز،کلاس E، E200",0,3250000000,2017,tehran,2
"ب ام و،سری 6 گرن کوپه، 650i",30000,1850000000,2013,tehran,6
"دنا،پلاس، دنده ای ساده",0,142500000,1398,tehran,0
"تویوتا،پرادو  چهار در، 4 سیلندر",160000,630000000,2007,tehran,12
"هیوندای،آزرا (گرنجور)",170000,275000000,2009,tehran,10
"کیا،سورنتو، ساده",260000,320000000,2009,tehran,10
"پژو،508، GT لاین",7200,525000000,2017,tehran,2
"هیوندای،وراکروز (ix55)",200000,510000000,2010,tehran,9
"پژو،206،  تیپ 5",21000,95000000,1397,tehran,1
"هیوندای،آزرا (گرنجور)",113000,385000000,2011,tehran,8
"تویوتا،پرادو دو در، 4 سیلندر",170000,490000000,2006,tehran,13
"پورشه،کاین، S",20000,2500000000,2013,tehran,6
"ب ام و،X4، 28",9000,1700000000,2017,tehran,2
فولکس،پاسات,0,965000000,2018,tehran,1
"کیا،سورنتو، GT لاین",100000,750000000,2016,tehran,3
"رنو،تندر90، E2",93000,108500000,1395,tehran,3
"لکسوس،NX هیبرید، 300h fsport",57000,1220000000,2016,tehran,3
"هیوندای،آزرا (گرنجور)",0,970000000,2019,tehran,0
پروتون،ویرا,290000,42000000,1385,tehran,13
"تویوتا،پرادو  چهار در، 4 سیلندر",138000,630000000,2008,tehran,11
"کیا،اپتیما، ساده",150000,250000000,2010,tehran,9
"ب ام و،X1، 18",80000,590000000,2014,tehran,5
"ب ام و،X4، 28",23000,1600000000,2016,tehran,3
"پژو،206،  تیپ 2",20000,88700000,1398,tehran,0
"کیا،اپتیما، ساده",210000,270000000,2010,tehran,9
"رنو،تندر90، E2",135000,110000000,1395,tehran,3
"کیا،اپتیما، ساده",220000,280000000,2010,tehran,9
"کیا،اپتیما، ساده",190000,270000000,2010,tehran,9
فولکس،پاسات,60000,880000000,2018,tehran,1
"پراید،132، SE",0,50000000,1398,tehran,0
"میتسوبیشی،اوتلندر، تیپ 5",28000,655000000,2017,tehran,2
"تویوتا،کمری، SE",240000,205000000,2007,tehran,12
"بسترن،B30، اتوماتیک",9500,200000000,1398,tehran,0
"لکسوس،NX هیبرید، 300h fsport",55000,1350000000,2017,tehran,2
"هیوندای،آزرا (گرنجور)",120000,480000000,2013,tehran,6
"تویوتا،کمری، XLI",190000,190000000,2005,tehran,14
"هیوندای،سوناتا هیبرید، تیپ 3 (GLS Plus)",32000,680000000,2017,tehran,2
"ب ام و،X1، 25",0,1320000000,2017,tehran,2
"ب ام و،سری 3 سدان، 328i",90000,730000000,2013,tehran,6
"چری،تیگو 7، اکسلنت",0,360000000,1397,tehran,1
"پورشه،کاین، S",70000,2030000000,2013,tehran,6
میتسوبیشی،میراژ,40000,230000000,2017,tehran,2
"پژو،206 SD، V8",0,113000000,1398,tehran,0
"تویوتا،لندکروز چهار در، 6 سیلندر 4.0",124000,1750000000,2012,tehran,7
"جیلی،GC6، اکسلنت",0,154000000,1398,tehran,0
"مزدا،3 جدید صندوق دار (مونتاژ)، 2.0 لیتر تیپ 3",140000,260000000,1391,tehran,7
"هایما،S7،   1.8 لیتر توربو",77000,258000000,1396,tehran,2
"هایما،S7،   1.8 لیتر توربو",65000,250000000,1396,tehran,2
"کیا،اپتیما، GT لاین",60000,490000000,2016,tehran,3
"ب ام و،سری 5 سدان، 523i",145000,750000000,2011,tehran,8
"پژو،206،  تیپ 5",100000,75500000,1393,tehran,5
"میتسوبیشی،اوتلندر، تیپ 3",38000,495000000,2015,tehran,4
"نیسان،پاترول چهار در،  6 سیلندر",130000,52000000,1374,tehran,24
"کیا،سورنتو، ساده",187100,325000000,2008,tehran,11
"پژو،206،  تیپ 5",480000,80000000,1395,tehran,3
"پژو،206،  تیپ 5",20000,99000000,1397,tehran,1
"ام وی ام،315هاچ بک، اسپرت لاکچری",60000,83000000,1396,tehran,2
"مینی،کانتری من، S",0,1560000000,2018,tehran,1
"لکسوس،NX هیبرید، 300h fsport",19000,1420000000,2017,tehran,2
"کیا،سورنتو، GT لاین",54000,900000000,2017,tehran,2
"میتسوبیشی،ASX، تیپ 4",77000,475000000,2017,tehran,2
"هیوندای،سوناتا هیبرید، تیپ 2 (GLS)",30000,635000000,2017,tehran,2
هیوندای،ولستر,50000,330000000,2016,tehran,3
"ب ام و،سری 3 سدان، 320i",190000,295000000,2007,tehran,12
"تویوتا،لندکروز چهار در، 6 سیلندر 4.5",120000,1800000000,2012,tehran,7
"ب ام و،X4، 28",33000,1530000000,2016,tehran,3
رنو،کولیوس,22000,840000000,2018,tehran,1
"ام وی ام،X33 S، اتوماتیک اسپرت",0,190000000,1397,tehran,1
"ولوو،C70 کروک",130000,600000000,2013,tehran,6
نیسان،رونیز,200000,170000000,1388,tehran,10
"سیتروئن،زانتیا، 2.0 لیتر SX",250000,55000000,1383,tehran,15
"هیوندای،آزرا (گرنجور)",170000,310000000,2010,tehran,9
"پژو،پارس، اتوماتیک",135000,85000000,1391,tehran,7
"بنز،کلاس E، E350",230000,550000000,2005,tehran,14
"پژو،206،  تیپ 2",17000,73000000,1396,tehran,2
"ام وی ام،X33، اتوماتیک",115000,130000000,1394,tehran,4
"سیتروئن،زانتیا، 2.0 لیتر SX",200000,70000000,1388,tehran,10
"دنا،پلاس، دنده ای ساده",40000,141000000,1397,tehran,1
"پژو،206،  تیپ 6",230000,47500000,1384,tehran,14
"دنا،پلاس، دنده ای ساده",55000,138500000,1397,tehran,1
"دنا،پلاس، دنده ای ساده",43000,139500000,1397,tehran,1
"ب ام و،X4، 28",5000,1950000000,2017,tehran,2
"هیوندای،سوناتا هیبرید، تیپ 3 (GLS Plus)",0,750000000,2017,tehran,2
"مزدا،3 جدید صندوق دار (مونتاژ)، 2.0 لیتر تیپ 4",70000,320000000,1396,tehran,2
"ام وی ام،X33 S، اتوماتیک اسپرت",57000,176000000,1397,tehran,1
هیوندای،i20,71000,180000000,2015,tehran,4
"نیسان،مورانو، SE",160000,259000000,2008,tehran,11
دامای،X7,20000,545000000,2018,tehran,1
"کیا،اسپورتیج، GT لاین",0,940000000,2018,tehran,1
رنو،کولیوس,15000,840000000,2018,tehran,1
"کیا،اپتیما، GT لاین",35000,660000000,2016,tehran,3
"پراید،131، SE",0,49700000,1398,tehran,0
"دنا،پلاس، دنده ای ساده",0,163000000,1398,tehran,0
"پژو،508، GT لاین",22000,500000000,2016,tehran,3
کیا،اپیروس,234000,228000000,2009,tehran,10
"پژو،206 SD، V8",188000,66500000,1392,tehran,6
"زوتی،آریو، 1.6 لیتر دنده ای",48000,107000000,1397,tehran,1
"هیوندای،سوناتا هیبرید، تیپ 3 (GLS Plus)",37000,680000000,2017,tehran,2
وانت،ریچ,0,192500000,1398,tehran,0
رنو،کولیوس,35000,835000000,2018,tehran,1
"میتسوبیشی،اوتلندر، تیپ 5",0,775000000,2018,tehran,1
"سمند،LX، ساده",0,81000000,1398,tehran,0
"تیبا،هاچ بک، EX",0,60700000,1398,tehran,0
"ساینا،EX دنده ای",0,60700000,1398,tehran,0
"ب ام و،X3، 30",180000,310000000,2009,tehran,10
"پراید،131، SE",0,47000000,1398,tehran,0
"ام وی ام،x55، اکسلنت",0,365500000,1398,tehran,0
"پژو،206،  تیپ 2",71000,68000000,1395,tehran,3
"هیوندای،آزرا (گرنجور)",0,990000000,2019,tehran,0
"جک،جی 4",0,149900000,1398,tehran,0
"ام جی،6، GT نیوفیس",72000,310000000,2016,tehran,3
"دی اس،6",21000,618000000,2017,tehran,2
"نیسان،پیکاپ دو کابین",198000,170000000,1388,tehran,10
"جک،S5، اتوماتیک",0,299000000,1398,tehran,0
"وانت،کارا (تک کابین)",0,86611300,1398,tehran,0
"ام وی ام،X33 S، اتوماتیک اسپرت",0,203000000,1397,tehran,1
"پژو،206،  تیپ 2",270000,42000000,1384,tehran,14
"بسترن،B30، اتوماتیک",34000,187000000,1397,tehran,1
"نیسان،جوک، اسکای پک",0,419900000,2017,tehran,2
"نیسان،جوک، اسکای پک",0,419000000,2017,tehran,2
"پژو،405، GLX بنزینی",42000,71500000,1397,tehran,1
"جک،S5، اتوماتیک",20000,280000000,1398,tehran,0
"ام جی،6، GT نیوفیس",47000,275000000,2015,tehran,4
"بسترن،B30، اتوماتیک",33000,183000000,1397,tehran,1
"تویوتا،اف جی کروز",150000,1100000000,2011,tehran,8
"سیتروئن،C3 (مونتاژ)",5000,380000000,1398,tehran,0
"تویوتا،کرولا، XLI",190000,200000000,2007,tehran,12
هیوندای،جنسیس,190000,379000000,2010,tehran,9
"پژو،206،  تیپ 5",130000,83000000,1395,tehran,3
هیوندای،جنسیس,100000,430000000,2011,tehran,8
"پژو،پارس، ساده",101000,39000000,1383,tehran,15
"پژو،206،  تیپ 2",213000,37000000,1384,tehran,14
نیسان،رونیز,209000,185000000,1385,tehran,13
"رنو،مگان (مونتاژ)، 2000",155000,166000000,1391,tehran,7
"رنو،مگان (وارداتی)، 1600",214000,83000000,2007,tehran,12
"پژو،پارس، ساده",121000,65000000,1393,tehran,5
"پراید،صندوق دار",186000,24000000,1387,tehran,11
"ساینا،EX دنده ای",0,66300000,1398,tehran,0
"برلیانس،H330، 1.65 دنده ای",22000,125000000,1397,tehran,1
"برلیانس،H330، 1.5 دنده ای",60000,105000000,1395,tehran,3
"ب ام و،سری 5 سدان، 520i",72000,900000000,2014,tehran,5
"سمند،LX، EF7 دوگانه سوز",53000,107500000,1397,tehran,1
"نیسان،وانت زامیاد، دوگانه سوز",5000,84300000,1398,tehran,0
"ب ام و،X4، 28",0,1800000000,2017,tehran,2
هایما،S5,60000,245000000,1397,tehran,1
"ام وی ام،X33 S، اتوماتیک اسپرت",14000,195000000,1397,tehran,1
"ب ام و،سری 3 سدان، 320i",97000,397000000,2009,tehran,10
"لکسوس،NX هیبرید، 300h",41000,965000000,2017,tehran,2
"ام وی ام،X33، اتوماتیک",83000,139000000,1394,tehran,4
"جیلی،امگرند RV-7، اتوماتیک",70000,132000000,2014,tehran,5
"هیوندای،جنسیس کوپه",95000,410000000,2011,tehran,8
"سانگ یانگ،رکستون، G4",0,1050000000,2018,tehran,1
"برلیانس،کراس، 1.65 لیتر",26000,159000000,1397,tehran,1
"لکسوس،NX هیبرید، 300h fsport",50000,1220000000,2016,tehran,3
"دانگ فنگ،H30 کراس",29000,141000000,1397,tehran,1
"سیتروئن،زانتیا، 1.8 لیتر سوپرلوکس",140000,42000000,1381,tehran,17
"پژو،206،  تیپ 2",183000,38000000,1383,tehran,15
"پژو،405، GLX بنزینی",150000,45000000,1391,tehran,7
"تویوتا،کرولا، XLI",210000,144000000,2006,tehran,13
"ولوو،XC90، اینسکریپشن",14000,2650000000,2017,tehran,2
"کیا،اسپورتیج، GT لاین",12000,775000000,2017,tehran,2
"پژو،206،  تیپ 5",24000,94500000,1397,tehran,1
"میتسوبیشی،اوتلندر PHEV",10000,870000000,2018,tehran,1
"تویوتا،کرولا، GLI",250000,155000000,2006,tehran,13
"پیکان،وانت، دوگانه سوز",256000,27500000,1390,tehran,8
"ام وی ام،X33 S، اتوماتیک اسپرت",20000,205000000,1397,tehran,1
"رنو،مگان (مونتاژ)، 2000",108000,135000000,1390,tehran,8
"ولوو،XC90، اینسکریپشن",36000,2700000000,2017,tehran,2
"کیا،ریو (مونتاژ)، دنده ای",192000,42000000,1385,tehran,13
"پژو،405، GLX دوگانه سوز",125000,45000000,1389,tehran,9
"کاپرا،دو کابین، دو دیفرانسیل",40000,225000000,1397,tehran,1
"هیوندای،وراکروز (ix55)",135000,640000000,2013,tehran,6
"پژو،206 SD، V8",140000,86000000,1396,tehran,2
"ساینا،EX دنده ای",45000,56000000,1396,tehran,2
"مزدا،3 جدید صندوق دار (مونتاژ)، 2.0 لیتر تیپ 4",49000,359000000,1396,tehran,2
"پژو،206 SD، V8",96000,70000000,1390,tehran,8
"چری،آریزو 5TE،  اتوماتیک اکسلنت (توربو)",52000,220000000,1397,tehran,1
"بنز،کلاس E، E350",98000,1110000000,2012,tehran,7
"تویوتا،کمری، XLI",225000,193000000,2005,tehran,14
"رنو،تندر90، E2",70000,95000000,1395,tehran,3
"رنو،تندر90، E2",69000,95000000,1395,tehran,3
"لیفان،620، 1.8 لیتر",65000,69000000,1393,tehran,5
رنو،کولیوس,13450,775000000,2017,tehran,2
"پژو،405، GLX بنزینی",91000,55000000,1394,tehran,4
"پژو،405، GLX بنزینی",200000,41500000,1388,tehran,10
"ب ام و،X1، 28",114000,580000000,2013,tehran,6
رنو،کولیوس,6000,845000000,2018,tehran,1
فولکس،پاسات,0,920000000,2018,tehran,1
"کیا،سورنتو، GT لاین",28000,975000000,2017,tehran,2
"رنو،تندر90، E2",64000,125000000,1396,tehran,2
"پورشه،پانامرا، 4S",60000,1920000000,2012,tehran,7
"میتسوبیشی،ASX، تیپ 4",5000,515000000,2017,tehran,2
"پژو،206،  تیپ 5",134000,75500000,1393,tehran,5
هیوندای،i30,116000,226000000,2012,tehran,7
"رنو،مگان (مونتاژ)، 2000",150000,155000000,1390,tehran,8
"پراید،صندوق دار",223000,26000000,1386,tehran,12
"کیا،اسپورتیج، GT لاین",8000,800000000,2017,tehran,2
"نیسان،جوک، اسپرت",25000,515000000,2017,tehran,2
"ام وی ام،315 صندوق دار، اسپرت",230000,63000000,1394,tehran,4
"پژو،پارس، اتوماتیک",0,141000000,1398,tehran,0
رنو،کولیوس,25000,680000000,2017,tehran,2
"ب ام و،سری 3 سدان، 325i",114000,415000000,2009,tehran,10
"پورشه،کاین، S",50000,2490000000,2013,tehran,6
"پورشه،کاین،  6 سیلندر",15000,1990000000,2013,tehran,6
"هیوندای،جنسیس کوپه",120000,420000000,2010,tehran,9
"رنو،تندر90، پلاس دنده ای",31000,133000000,1396,tehran,2
"پورشه،کاین، S",75000,2520000000,2013,tehran,6
"پراید،131، SE",33000,45000000,1397,tehran,1
"بنز،کلاس C، C200",100000,610000000,2011,tehran,8
"پراید،131، EX",103000,33500000,1391,tehran,7
"ب ام و،X6، 50",48000,1720000000,2013,tehran,6
"دانگ فنگ،H30 کراس",30000,143000000,1397,tehran,1
"ام وی ام،X33 S، اتوماتیک اسپرت",0,190000000,1396,tehran,2
"بنز،کلاس S، S350",125000,1150000000,2008,tehran,11
"پژو،پارس، ELX",330000,45000000,1383,tehran,15
"ب ام و،X4، 28",42000,1600000000,2016,tehran,3
"ب ام و،سری 3 سدان، 320i",114000,330000000,2006,tehran,13
"هیوندای،سوناتا هیبرید، تیپ 3 (GLS Plus)",20000,700000000,2017,tehran,2
"پژو،206،  تیپ 5",70000,80000000,1393,tehran,5
"ب ام و،X4، 28",85000,1235000000,2015,tehran,4
"لکسوس،GS، 250 fsport",40000,1100000000,2015,tehran,4
"پورشه،کاین، S",65000,1750000000,2012,tehran,7
"تویوتا،لندکروز چهار در، 6 سیلندر 4.5",220000,710000000,2007,tehran,12
"ب ام و،X1، 18",79000,570000000,2014,tehran,5
"ام جی،550",230000,135000000,2010,tehran,9
"کیا،اپتیما، ساده",120000,400000000,2013,tehran,6
"ولوو،XC90، اینسکریپشن",38000,2350000000,2017,tehran,2
"بنز،کلاس SL، SL500",65000,650000000,2013,tehran,6
"جک،S5، اتوماتیک",0,289000000,1397,tehran,1
"نیسان،جوک، پلاتینیوم",13000,438000000,2017,tehran,2
"هیوندای،آوانته، دنده ای",130000,110000000,1387,tehran,11
"لکسوس،LX، 570",57000,3300000000,2013,tehran,6
بسترن،B50,120000,140000000,1393,tehran,5
"تویوتا،لندکروز چهار در، 8 سیلندر 4.7",230000,680000000,2006,tehran,13
رنو،کولیوس,31000,795000000,2017,tehran,2
"بنز،کلاس E، E200",160000,475000000,2007,tehran,12
"هیوندای،سوناتا هیبرید، تیپ 3 (GLS Plus)",18000,680000000,2017,tehran,2
"رنو،تندر90، E2",22000,128000000,1397,tehran,1
"رنو،تندر90، E2",45000,111000000,1395,tehran,3
"سمند،LX، EF7 دوگانه سوز",95000,78000000,1393,tehran,5
"پژو،206،  تیپ 5",19000,95500000,1397,tehran,1
"پژو،206 SD، V8",57000,82000000,1395,tehran,3
"پژو،405، GLX بنزینی",95000,60000000,1394,tehran,4
"تویوتا،کمری، GL",66000,458000000,2014,tehran,5
"پژو،405، SLX",100000,70000000,1394,tehran,4
"لکسوس،NX، 200 توربو  fsport",50000,1200000000,2016,tehran,3
"سانگ یانگ،تیوولی، الیت",46000,310000000,2017,tehran,2
"جک،S5، دنده ای",68000,186000000,1394,tehran,4
"پراید،111، SE",0,49000000,1398,tehran,0
"تیبا،هاچ بک، EX",0,59000000,1398,tehran,0
"هیوندای،سانتافه (ix45)، 3500 سی سی",225000,400000000,2011,tehran,8
"ولوو،XC90، اینسکریپشن",18500,2550000000,2017,tehran,2
"پژو،پارس، اتوماتیک",0,147000000,1398,tehran,0
"ام وی ام،X22، دنده ای اسپرت اکسلنت",59000,138500000,1396,tehran,2
"سانگ یانگ،تیوولی، الیت",55000,280000000,2017,tehran,2
"سمند،LX، ساده",400000,34000000,1384,tehran,14
"جک،S5، اتوماتیک",50000,253000000,1396,tehran,2
"پورشه،پانامرا،  6 سیلندر",97500,1600000000,2012,tehran,7
"مزدا،3 جدید صندوق دار (مونتاژ)، 2.0 لیتر تیپ 4",35000,338000000,1396,tehran,2
"بیسو،T3، LU",0,247000000,1398,tehran,0
"تیبا،هاچ بک، EX",12000,59000000,1398,tehran,0
"نیسان،جوک، پلاتینیوم",0,480000000,2017,tehran,2
"سیتروئن،زانتیا، 2.0 لیتر SX",194000,50000000,1384,tehran,14
"کیا،اسپورتیج، GT لاین",37000,760000000,2017,tehran,2
رنو،کولیوس,49000,775000000,2017,tehran,2
"دانگ فنگ،H30 کراس",38000,120000000,1396,tehran,2
"لکسوس،NX هیبرید، 300h",67000,1150000000,2016,tehran,3
"تویوتا،پرادو  چهار در، 4 سیلندر",75000,675000000,2008,tehran,11
"پژو،405، GLX بنزینی",204000,45000000,1389,tehran,9
"ب ام و،X4، 28",10000,1950000000,2017,tehran,2
"زوتی،آریو، 1.6 لیتر اتوماتیک",0,138600000,1397,tehran,1
"پراید،صندوق دار",292000,23500000,1385,tehran,13
"کیا،اسپورتیج، GT لاین",100000,460000000,2014,tehran,5
"تیبا،هاچ بک، EX",0,61000000,1398,tehran,0
"پراید،131، SE",0,47700000,1398,tehran,0
"بنز،کلاس E، E350",170000,380000000,2007,tehran,12
"هایما،S7،   1.8 لیتر توربو",22000,284000000,1397,tehran,1
"پژو،207 صندوقدار",25000,158000000,1397,tehran,1
"کیا،اسپورتیج، GT لاین",4000,800000000,2017,tehran,2
"دانگ فنگ،H30 کراس",16800,144800000,1397,tehran,1
"کیا،اپتیما هیبرید",0,890000000,2018,tehran,1
"پژو،405، GLX بنزینی",400000,30000000,1384,tehran,14
"هیوندای،جنسیس کوپه",82000,550000000,2013,tehran,6
"پژو،206،  تیپ 2",27000,82000000,1397,tehran,1
"برلیانس،H330، 1.65 اتوماتیک",28000,162000000,1397,tehran,1
"هیوندای،سوناتا هیبرید، تیپ 2 (GLS)",36000,620000000,2017,tehran,2
"میتسوبیشی،لنسر، 1.8 لیتر اتوماتیک",49000,345000000,2017,tehran,2
"ب ام و،سری 3 سدان، 320i",200000,260000000,2006,tehran,13
"برلیانس،H320، 1.5 اتوماتیک",31000,132000000,1396,tehran,2
"بنز،کلاس C، C200",178000,570000000,2010,tehran,9
"هیوندای،وراکروز (ix55)",163000,560000000,2011,tehran,8
"پژو،پارس، ساده",240000,39500000,1383,tehran,15
"پژو،206،  تیپ 5",83000,83500000,1394,tehran,4
"راین،V5، اتوماتیک",0,95000000,1397,tehran,1
"ب ام و،سری 4 کروک، 428i",70000,1160000000,2015,tehran,4
"کیا،اپتیما، GT لاین",70000,700000000,2017,tehran,2
"بایک،سابرینا هاچ بک (مونتاژ)",0,81500000,1398,tehran,0
"ام وی ام،315هاچ بک، اسپرت اکسلنت",56000,100000000,1396,tehran,2
"ب ام و،X4، 28",25000,1700000000,2017,tehran,2
"گریت وال،هاوال M4 (مونتاژ)",7000,143000000,1397,tehran,1
"پژو،206 SD، V8",51000,86000000,1396,tehran,2
"پژو،پارس، ساده",54000,83000000,1395,tehran,3
"ساینا،EX دنده ای",77000,52000000,1396,tehran,2
"جیلی،GC6، اکسلنت",9000,140000000,1397,tehran,1
"ب ام و،سری 4 کروک، 428i",83000,1005000000,2015,tehran,4
"ام وی ام،x55، اکسلنت",0,365000000,1398,tehran,0
"ب ام و،سری 1 هاچ بک، 120i",12000,750000000,2018,tehran,1
"ام وی ام،530",207000,57000000,1390,tehran,8
"کیا،سراتو کوپ",84000,270000000,2012,tehran,7
"میتسوبیشی،ASX، تیپ 4",5500,520000000,2017,tehran,2
"سمند،LX، ساده",200000,55000000,1394,tehran,4
"دی اس،6",40000,650000000,2017,tehran,2
"چری،تیگو 5، IE",0,295000000,1397,tehran,1
"دانگ فنگ،H30 کراس",27000,140000000,1397,tehran,1
"دانگ فنگ،H30 کراس",9000,151000000,1398,tehran,0
"دانگ فنگ،H30 کراس",67000,121000000,1395,tehran,3
"ب ام و،سری 3 سدان، 320i",190000,315000000,2008,tehran,11
"تویوتا،پرادو  چهار در،  6 سیلندر آفرود",60000,1450000000,2010,tehran,9
"کیا،اپتیما، GT لاین",32000,638000000,2016,tehran,3
"لکسوس،NX هیبرید، 300h fsport",45000,1150000000,2015,tehran,4
"هیوندای،آزرا (گرنجور)",140000,560000000,2013,tehran,6
"هیوندای،سوناتا هیبرید، تیپ 3 (GLS Plus)",17000,780000000,2018,tehran,1
"ب ام و،X4، 28",50000,1500000000,2016,tehran,3
رنو،کولیوس,0,840000000,2017,tehran,2
"سمند،LX، ساده",45000,62000000,1394,tehran,4
بنز،ون,220000,330000000,2007,tehran,12
"هیوندای،سوناتا هیبرید، تیپ 3 (GLS Plus)",50000,650000000,2017,tehran,2
میتسوبیشی،میراژ,23000,210000000,2017,tehran,2
"کوییک،دنده ای",0,67000000,1398,tehran,0
"ب ام و،سری 3 کوپه، 325i",170000,350000000,2008,tehran,11
"پراید،151، SE",115000,41000000,1393,tehran,5
"ب ام و،X4، 28",69000,1580000000,2016,tehran,3
"پژو،405، GLX بنزینی",288000,40500000,1387,tehran,11
"نیسان،جوک، اسپرت",18000,550000000,2017,tehran,2
"میتسوبیشی،ASX، تیپ 4",23000,600000000,2018,tehran,1
"هیوندای،آوانته، دنده ای",85000,135000000,1389,tehran,9
"رنو،تندر90، E2",69500,99000000,1394,tehran,4
"رنو،تندر90، اتوماتیک",59000,117000000,1395,tehran,3
"رنو،تندر90، E2",33000,118000000,1396,tehran,2
"پژو،405، GLX بنزینی",46000,68000000,1396,tehran,2
"پژو،206،  تیپ 5",63000,75000000,1395,tehran,3
"تویوتا،اف جی کروز",100000,1080000000,2011,tehran,8
"دانگ فنگ،H30 کراس",6000,148000000,1397,tehran,1
"دانگ فنگ،H30 کراس",41000,125000000,1396,tehran,2
"پراید،131، SE",32000,42500000,1397,tehran,1
"لکسوس،IS، 250 fsport",34000,895000000,2015,tehran,4
"چری،تیگو 7، اکسلنت",27000,325000000,1397,tehran,1
"ب ام و،X4، 28",57000,1400000000,2016,tehran,3
"پورشه،کاین، S",52000,2000000000,2013,tehran,6
"پژو،405، GLX بنزینی",119000,48500000,1391,tehran,7
هیوندای،i30,141000,200000000,2010,tehran,9
"پورشه،پانامرا، 4S",60000,1890000000,2013,tehran,6
"هیوندای،آزرا (گرنجور)",0,980000000,2019,tehran,0
"پژو،206،  تیپ 5",138000,44800000,1382,tehran,16
"پورشه،کاین، S",50000,2640000000,2013,tehran,6
"تویوتا،لندکروز چهار در، 6 سیلندر 4.0",61000,1880000000,2013,tehran,6
"پژو،206 SD، V8",0,109900000,1398,tehran,0
"هیوندای،وراکروز (ix55)",153000,600000000,2012,tehran,7
"رنو،سفران، 2.5 لیتر PE",50000,330000000,2015,tehran,4
"تویوتا،هایلوکس دو کابین بلند، اتوماتیک",80000,710000000,2015,tehran,4
"ب ام و،سری 6 گرن کوپه، 650i",54000,2050000000,2013,tehran,6
"پژو،206 SD، V8",120000,74000000,1393,tehran,5
هیوندای،جنسیس,130000,425000000,2010,tehran,9
"رنو،سفران، 2.5 لیتر PE",80000,330000000,2015,tehran,4
"نیسان،جوک، اسپرت",22000,530000000,2017,tehran,2
"نیسان،جوک، اسپرت",22500,505000000,2016,tehran,3
"پژو،405، GLX بنزینی",120000,58000000,1393,tehran,5
"ب ام و،سری 3 سدان، 320i",180000,295000000,2008,tehran,11
"کیا،اپتیما، GT لاین",37000,670000000,2017,tehran,2
"پژو،206 SD، V20",160000,57800000,1391,tehran,7
"نیسان،جوک، اسپرت",23000,532000000,2017,tehran,2
"نیسان،جوک، اسکای پک",40000,410000000,2017,tehran,2
"تیبا،هاچ بک، EX",54000,53000000,1396,tehran,2
"پراید،صندوق دار",299500,18500000,1384,tehran,14
"سمند،LX، ساده",62000,72000000,1396,tehran,2
"ام وی ام،X22، اتوماتیک  اسپرت اکسلنت",35000,158000000,1396,tehran,2
"مزدا،323، اتوماتیک",75000,80000000,1384,tehran,14
"نیسان،جوک، پلاتینیوم",38000,429000000,2017,tehran,2
"سیتروئن،زانتیا، 2.0 لیتر SX",192000,68000000,1384,tehran,14
"تویوتا،پرادو دو در، 4 سیلندر",190000,780000000,2012,tehran,7
"پژو،206،  تیپ 5",66000,91000000,1396,tehran,2
"پژو،پارس، اتوماتیک",138000,77000000,1389,tehran,9
"هیوندای،سوناتا هیبرید، تیپ 3 (GLS Plus)",20000,690000000,2017,tehran,2
"هیوندای،اکسنت، بلو",69000,260000000,2015,tehran,4
"نیسان،پاترول دو در",185000,69000000,1378,tehran,20
"سمند،LX، ساده",52000,65000000,1394,tehran,4
هیوندای،سنتنیال,119000,925000000,2012,tehran,7
"پژو،206،  تیپ 5",220000,63000000,1390,tehran,8
"رنو،تندر90، E2",99000,106000000,1394,tehran,4
هایما،S5,14000,262000000,1397,tehran,1
"مزدا،3 جدید صندوق دار (مونتاژ)، 2.0 لیتر تیپ 4",27000,365000000,1396,tehran,2
"هایما،S7،   1.8 لیتر توربو",60000,233000000,1395,tehran,3
"اپل،آسترا سدان",250000,28500000,1994,tehran,25
تویوتا،هایس,84000,530000000,2014,tehran,5
"دانگ فنگ،H30 کراس",50000,127000000,1396,tehran,2
"مینی،کلاب من، S",0,1150000000,2018,tehran,1
"پژو،206 SD، V8",103400,75000000,1394,tehran,4
"پورشه،کاین، S",32000,2400000000,2013,tehran,6
"تویوتا،پرادو دو در، 4 سیلندر",129000,595000000,2008,tehran,11
"تیبا،هاچ بک، EX",0,62900000,1398,tehran,0
"پژو،206،  تیپ 5",246000,66000000,1392,tehran,6
"کیا،اسپورتیج، GT لاین",10000,800000000,2017,tehran,2
"هیوندای،وراکروز (ix55)",161000,550000000,2011,tehran,8
"پژو،207 صندوقدار",0,167000000,1398,tehran,0
"پژو،پارس، ساده",239000,50000000,1388,tehran,10
"دانگ فنگ،H30 کراس",39000,145000000,1397,tehran,1
"پورشه،کاین،  6 سیلندر",80000,760000000,2010,tehran,9
"ب ام و،X4، 28",30000,1600000000,2016,tehran,3
"سیتروئن،زانتیا، 2.0 لیتر SX",200000,74000000,1385,tehran,13
"سوزوکی،گراند ویتارا (مونتاژ)، 2.0 لیتر اتوماتیک",205000,190000000,1386,tehran,12
"تویوتا،یاریس صندوق دار",150000,175000000,2008,tehran,11
"ام وی ام،X33، دنده ای",73000,108000000,1393,tehran,5
"بنز،کلاس C، C200",126000,635000000,2013,tehran,6
"نیسان،جوک، اسپرت",22000,500000000,2016,tehran,3
"هیوندای،آزرا (گرنجور)",138000,407000000,2011,tehran,8
"تویوتا،کرولا، GLI",28000,340000000,2015,tehran,4
"پژو،206،  تیپ 2",69000,80000000,1396,tehran,2
"ب ام و،سری 5 سدان، 530xi",85000,430000000,2007,tehran,12
"کیا،سورنتو، GT لاین",60000,900000000,2017,tehran,2
"هیوندای،آزرا (گرنجور)",198000,260000000,2008,tehran,11
پژو،2008,0,374500000,1398,tehran,0
"پژو،206،  تیپ 5",0,110900000,1398,tehran,0
جیپ،KM,50000,37500000,1983,tehran,36
"نیسان،جوک، پلاتینیوم",13000,440000000,2017,tehran,2
"ام وی ام،x55، اکسلنت اسپرت",0,367000000,1398,tehran,0
"هایما،S7،   1.8 لیتر توربو",18000,282000000,1397,tehran,1
"مزدا،3 جدید صندوق دار (مونتاژ)، 2.0 لیتر تیپ 3",80000,248000000,1390,tehran,8
"میتسوبیشی،اوتلندر PHEV",55000,820000000,2018,tehran,1
"هایما،S7،   1.8 لیتر توربو",0,309000000,1398,tehran,0
"پراید،131، SE",40000,44200000,1397,tehran,1
"هیوندای،النترا (مونتاژ)",0,540000000,1397,tehran,1
"سانگ یانگ،تیوولی، الیت",63000,290000000,2016,tehran,3
"پژو،206،  تیپ 2",26000,80000000,1396,tehran,2
"مزدا،3 جدید صندوق دار (مونتاژ)، 2.0 لیتر تیپ 4",98000,330000000,1395,tehran,3
"هیوندای،سوناتا هیبرید، تیپ 3 (GLS Plus)",0,840000000,2018,tehran,1
"نیسان،جوک، اسپرت",29000,530000000,2017,tehran,2
"کاپرا،2، دو دیفرانسیل",0,263000000,1398,tehran,0
"ب ام و،سری 1 هاچ بک، 120i",8000,750000000,2018,tehran,1
"مینی،کانتری من، S",1000,1420000000,2018,tehran,1
"پژو،206،  تیپ 5",87000,74000000,1395,tehran,3
"پژو،206،  تیپ 5",150000,74000000,1395,tehran,3
"پژو،206،  تیپ 6",160000,63000000,1387,tehran,11
"دانگ فنگ،H30 کراس",55000,128800000,1396,tehran,2
"هیوندای،آزرا (گرنجور)",0,1000000000,2019,tehran,0
"سانگ یانگ،تیوولی، آرمور",45000,342000000,2017,tehran,2
"هیوندای،آزرا (گرنجور)",138000,297000000,2007,tehran,12
"نیسان،جوک، پلاتینیوم",16000,460000000,2017,tehran,2
"مزدا،3 جدید صندوق دار (مونتاژ)، 2.0 لیتر تیپ 4",0,424000000,1398,tehran,0
"ام وی ام،X22، دنده ای لاکچری",31000,131000000,1396,tehran,2
"ام جی،6، GT نیوفیس",100000,260000000,2015,tehran,4
"ام جی،GS",50000,350000000,2016,tehran,3
"ام جی،GS",64000,350000000,2016,tehran,3
"ام جی،6، GT نیوفیس",50000,300000000,2016,tehran,3
"ام جی،550",180000,165000000,2012,tehran,7
"ام جی،6، GT نیوفیس",80000,270000000,2016,tehran,3
"ام جی،6، GT نیوفیس",55000,280000000,2016,tehran,3
"کیا،موهاوی، 8 سیلندر",220000,640000000,2012,tehran,7
رنو،کولیوس,7000,825000000,2018,tehran,1
"کیا،اپتیما، ساده",84000,470000000,2015,tehran,4
"کیا،اپتیما، GT لاین",47000,648000000,2016,tehran,3
"هیوندای،وراکروز (ix55)",135000,685000000,2013,tehran,6
"ب ام و،X4، 28",21000,1590000000,2016,tehran,3
پژو،2008,0,376500000,1398,tehran,0
"کیا،اپتیما، ساده",90000,440000000,2014,tehran,5
"بنز،کلاس E کروک، E350",78000,1600000000,2013,tehran,6
پژو،2008,0,373000000,1398,tehran,0
"پژو،206 SD، V8",43000,91000000,1396,tehran,2
"ام وی ام،X22، دنده ای لاکچری",0,172700000,1398,tehran,0
"هیوندای،سوناتا، شش سیلندر اتوماتیک",112000,235000000,2007,tehran,12
"تویوتا،پرادو  چهار در، 4 سیلندر",143000,670000000,2007,tehran,12
"هیوندای،آزرا (گرنجور)",165000,288000000,2008,tehran,11
"ب ام و،سری 3 سدان، 330i",200000,310000000,2007,tehran,12
"نیسان،مورانو، SE",170000,250000000,2008,tehran,11
"لکسوس،NX هیبرید، 300h fsport",60000,1190000000,2016,tehran,3
"رنو،تندر90، E2",182000,68000000,1387,tehran,11
"تویوتا،پرادو دو در، 4 سیلندر",93000,845000000,2012,tehran,7
هیوندای،جنسیس,138000,395000000,2010,tehran,9
"پژو،206،  تیپ 5",131000,71000000,1393,tehran,5
"بنز،کلاس S، S350",199000,1080000000,2009,tehran,10
"کیا،اسپورتیج، GT لاین",0,820000000,2017,tehran,2
"هیوندای،آزرا (گرنجور)",149000,288000000,2010,tehran,9
رنو،کولیوس,76000,480000000,2015,tehran,4
"نیسان،مورانو، SE",156000,288000000,2008,tehran,11
"پژو،206 SD، V8",63000,93000000,1396,tehran,2
"کیا،سورنتو، GT لاین",78200,960000000,2017,tehran,2
"هیوندای،وراکروز (ix55)",90000,519000000,2011,tehran,8
پژو،2008,0,373500000,1398,tehran,0
"ب ام و،سری 3 سدان، 320i",130000,285000000,2006,tehran,13
"سیتروئن،C3 (مونتاژ)",0,392500000,1398,tehran,0
"بنز،کلاس E، E300",82000,870000000,2012,tehran,7
"هایما،S7،   1.8 لیتر توربو",39000,268000000,1396,tehran,2
"لکسوس،RX، 350",90000,810000000,2011,tehran,8
"لکسوس،ES، 350",200000,460000000,2008,tehran,11
فولکس،پاسات,12000,880000000,2018,tehran,1
"ب ام و،X4، 28",38000,1760000000,2017,tehran,2
"پژو،207 صندوقدار",0,168000000,1398,tehran,0
"کوییک،دنده ای",0,66000000,1398,tehran,0
پژو،2008,0,360000000,1398,tehran,0
"هایما،S7،   1.8 لیتر توربو",50000,275000000,1397,tehran,1
فولکس،پاسات,20000,840000000,2018,tehran,1
"دنا،پلاس، دنده ای ساده",0,140000000,1398,tehran,0
"لکسوس،NX هیبرید، 300h",0,1650000000,2017,tehran,2
"دانگ فنگ،H30 کراس",38000,139000000,1397,tehran,1
"سانگ یانگ،تیوولی، آرمور",0,412000000,2018,tehran,1
"پورشه،کاین، S",80000,850000000,2010,tehran,9
"پژو،206،  تیپ 5",67000,95000000,1396,tehran,2
"پژو،206،  تیپ 5",96000,89000000,1396,tehran,2
"پژو،405، GLX بنزینی",130000,53000000,1392,tehran,6
"رنو،تلیسمان، E2",0,630000000,2017,tehran,2
"رنو،تندر90، E2",204000,75550000,1390,tehran,8
"ب ام و،X4، 28",50000,1640000000,2016,tehran,3
"کیا،موهاوی، 8 سیلندر",175000,480000000,2010,tehran,9
"جک،S5، اتوماتیک",54000,255000000,1396,tehran,2
"مزدا،3 جدید صندوق دار (مونتاژ)، 2.0 لیتر تیپ 4",16000,379000000,1397,tehran,1
"پژو،206 SD، V8",0,105000000,1398,tehran,0
وانت،آریسان,0,68600000,1398,tehran,0
"ب ام و،X1، 25",51000,1050000000,2017,tehran,2
"زوتی،آریو، 1.6 لیتر اتوماتیک",20000,128000000,1397,tehran,1
"پژو،206،  تیپ 5",100000,76000000,1394,tehran,4
"پژو،206،  تیپ 5",43000,98000000,1397,tehran,1
"پژو،206،  تیپ 5",74000,82000000,1395,tehran,3
"میتسوبیشی،پاجرو دو در،  6 سیلندر",200000,480000000,2010,tehran,9
"ام وی ام،X22، اتوماتیک لاکچری",0,175000000,1397,tehran,1
"مزدا،3 جدید صندوق دار (مونتاژ)، 2.0 لیتر تیپ 4",40000,346000000,1396,tehran,2
"پژو،405، GLX بنزینی",123000,58000000,1394,tehran,4
"ب ام و،X4، 28",0,2200000000,2017,tehran,2
"لکسوس،NX، 200 توربو  fsport",0,1800000000,2017,tehran,2
هیوندای،ولستر,110000,295000000,2015,tehran,4
"هیوندای،النترا (مونتاژ)",66000,340000000,1393,tehran,5
"هایما،S7،   1.8 لیتر توربو",22000,279000000,1397,tehran,1
"پژو،پارس، ساده",130000,77000000,1394,tehran,4
"پژو،206،  تیپ 5",54000,72000000,1395,tehran,3
"مزدا،323، دنده ای",240000,67000000,1384,tehran,14
"پژو،206،  تیپ 5",115000,69000000,1393,tehran,5
"هیوندای،آزرا (گرنجور)",148000,485000000,2013,tehran,6
"ام جی،550",187000,145000000,2012,tehran,7
"ب ام و،X1، 25",8000,1260000000,2017,tehran,2
"پراید،صندوق دار",250000,16800000,1381,tehran,17
"پژو،206،  تیپ 5",35000,84800000,1396,tehran,2
"پژو،206 SD، V8",33000,92500000,1396,tehran,2
"کیا،اپتیما، GT لاین",77000,650000000,2016,tehran,3
"نیسان،جوک، پلاتینیوم",16000,400000000,2016,tehran,3
"دانگ فنگ،H30 کراس",32000,135000000,1396,tehran,2
"بنز،کلاس C، C200",68000,780000000,2014,tehran,5
"تویوتا،پرادو دو در، 4 سیلندر",180000,560000000,2008,tehran,11
"پژو،پارس، ساده",32000,85000000,1395,tehran,3
"برلیانس،H320، 1.65 اتوماتیک",28000,151000000,1397,tehran,1
"پژو،206،  تیپ 5",54000,99000000,1397,tehran,1
"کیا،سراتو (مونتاژ)، 1.6 لیتر ساده",113000,191000000,1394,tehran,4
"پژو،206،  تیپ 2",157000,51500000,1389,tehran,9
"پژو،206 SD، V8",70000,87500000,1395,tehran,3
"لکسوس،NX هیبرید، 300h fsport",10000,1420000000,2017,tehran,2
"رنو،تندر90، E1",92850,59750000,1390,tehran,8
"پژو،پارس، ELX-XUM",89000,79800000,1394,tehran,4
"رنو،تندر90، E1",79000,56850000,1390,tehran,8
"هیوندای،سوناتا هیبرید، تیپ 3 (GLS Plus)",3000,750000000,2018,tehran,1
"هایما،S7،   1.8 لیتر توربو",30000,280000000,1397,tehran,1
"پژو،207 صندوقدار",17000,158500000,1397,tehran,1
"ولوو،XC90، اینسکریپشن",12000,2900000000,2017,tehran,2
"برلیانس،H330، 1.65 اتوماتیک",10500,165000000,1397,tehran,1
"کیا،سورنتو، ساده",84000,380000000,2009,tehran,10
"پژو،405، GLX بنزینی",243000,25000000,1383,tehran,15
"پراید،131، SE",98000,39000000,1395,tehran,3
"سمند،LX، ساده",130000,57000000,1393,tehran,5
"تویوتا،هایلوکس دو کابین بلند، اتوماتیک",74000,770000000,2015,tehran,4
"پراید،صندوق دار",240000,18000000,1381,tehran,17
هایما،S5,0,289500000,1398,tehran,0
"پژو،405، GLX دوگانه سوز",150,55000000,1390,tehran,8
"پژو،206،  تیپ 5",100000,81000000,1394,tehran,4
"ام وی ام،X22، اتوماتیک  اسپرت اکسلنت",65000,140000000,1396,tehran,2
"سمند،LX، ساده",170000,60000000,1393,tehran,5
"پژو،206،  تیپ 5",151000,61000000,1389,tehran,9
"پراید،131، SE",0,47700000,1397,tehran,1
"هیوندای،سوناتا هیبرید، تیپ 3 (GLS Plus)",36000,650000000,2017,tehran,2
"تویوتا،اف جی کروز",150000,1050000000,2011,tehran,8
"ساینا،EX دنده ای",0,64150000,1398,tehran,0
"کیا،سورنتو، GT لاین",90000,915000000,2017,tehran,2
"برلیانس،H330، 1.65 اتوماتیک",24500,160000000,1397,tehran,1
"ب ام و،X4، 28",19000,1560000000,2016,tehran,3
"پژو،206،  تیپ 5",18000,100500000,1397,tehran,1
"پژو،پارس، ساده",250000,46000000,1386,tehran,12
"دانگ فنگ،H30 کراس",6100,146000000,1397,tehran,1
"تویوتا،C-HR، تمام چرخ محرک",64000,720000000,2017,tehran,2
"پژو،206،  تیپ 5",154000,52000000,1385,tehran,13
"پروتون،جن تو",94000,61700000,2007,tehran,12
"پژو،206،  تیپ 2",0,91900000,1398,tehran,0
"پروتون،جن تو",93000,62000000,2007,tehran,12
"ام وی ام،315هاچ بک، اسپرت اکسلنت",4400,103700000,1397,tehran,1
"چری،تیگو 5، IE",0,300000000,1397,tehran,1
"بایک،سابرینا هاچ بک",67000,105000000,2014,tehran,5
"دانگ فنگ،H30 کراس",71000,135000000,1396,tehran,2
"پژو،206،  تیپ 5",105000,75000000,1394,tehran,4
"ب ام و،X4، 28",17800,1780000000,2017,tehran,2
"ولوو،XC90، اینسکریپشن",30000,2460000000,2017,tehran,2
"رنو،تندر90، E2",130000,82000000,1391,tehran,7
"تویوتا،پرادو  چهار در، 4 سیلندر",160000,650000000,2007,tehran,12
هیوندای،i20,46000,185000000,2015,tehran,4
"نیسان،جوک، پلاتینیوم",20000,440000000,2017,tehran,2
"بنز،کلاس E، E200",50000,2500000000,2017,tehran,2
"هیوندای،وراکروز (ix55)",170000,565000000,2011,tehran,8
"پراید،صندوق دار",300000,23500000,1386,tehran,12
"کیا،موهاوی، 8 سیلندر",170000,430000000,2010,tehran,9
"هیوندای،آزرا (گرنجور)",170000,340000000,2010,tehran,9
"ب ام و،سری 7، 750li",75000,900000000,2010,tehran,9
"دانگ فنگ،H30 کراس",12500,147000000,1397,tehran,1
"بنز،کلاس CLS، CLS500",110000,1550000000,2012,tehran,7
"جک،S5، اتوماتیک",43000,246500000,1395,tehran,3
"پژو،پارس، ساده",71000,85000000,1396,tehran,2
"هیوندای،آزرا (گرنجور)",140000,350000000,2010,tehran,9
"برلیانس،H330، 1.5 دنده ای",44000,110000000,1396,tehran,2
"میتسوبیشی،اوتلندر، تیپ 5",90000,460000000,2015,tehran,4
"نیسان،جوک، پلاتینیوم",12000,439000000,2017,tehran,2
"پراید،131، SE",0,49400000,1398,tehran,0
"دانگ فنگ،H30 کراس",23000,141500000,1397,tehran,1
"کیا،موهاوی، 8 سیلندر",138000,570000000,2011,tehran,8
"اپل،آسترا هاچ بک",132000,685000000,2014,tehran,5
"لیفان،620، 1.8 لیتر",216000,71500000,1393,tehran,5
"ام وی ام،X33 S، اتوماتیک اسپرت",0,209000000,1397,tehran,1
"چری،آریزو 5TE،  اتوماتیک اکسلنت (توربو)",0,190000000,1397,tehran,1
"کیا،سورنتو، GT لاین",26000,990000000,2017,tehran,2
"چری،تیگو 7، اکسلنت",32600,325000000,1397,tehran,1
"پژو،206 SD، V8",8700,107500000,1398,tehran,0
"پراید،صندوق دار",224000,20000000,1382,tehran,16
"کیا،سورنتو، ساده",170000,310000000,2008,tehran,11
"پراید،صندوق دار",250000,25000000,1386,tehran,12
آلفارومئو،میتو,88000,198000000,2012,tehran,7
"ام وی ام،315هاچ بک، اسپرت اکسلنت",7000,103000000,1397,tehran,1
"ام وی ام،X33، دنده ای",70000,110000000,1393,tehran,5
"پژو،206،  تیپ 2",152000,42000000,1388,tehran,10
"تویوتا،لندکروز چهار در، 6 سیلندر 4.0",200000,1230000000,2010,tehran,9
رنو،کولیوس,30000,745000000,2017,tehran,2
"نیسان،پیکاپ دو کابین",360000,107000000,1381,tehran,17
"تویوتا،پرادو دو در، 6 سیلندر",185000,665000000,2006,tehran,13
"پژو،508، GT لاین",23000,500000000,2017,tehran,2
"لکسوس،NX هیبرید، 300h",14600,1260000000,2017,tehran,2
"ب ام و،سری 3 سدان، 320i",47000,700000000,2014,tehran,5
"هیوندای،سوناتا هیبرید، تیپ 2 (GLS)",26000,620000000,2017,tehran,2
"هیوندای،آزرا (گرنجور)",180000,310000000,2009,tehran,10
"کیا،اسپورتیج، GT لاین",10100,790000000,2017,tehran,2
"ب ام و،سری 3 سدان، 320i",104000,390000000,2009,tehran,10
"رنو،تندر90، E2",32000,120000000,1396,tehran,2
"دانگ فنگ،H30 کراس",16000,142000000,1397,tehran,1
"پژو،پارس، اتوماتیک",240000,79500000,1389,tehran,9
"نیسان،پیکاپ دو کابین",165000,196000000,1389,tehran,9
"ب ام و،سری 3 سدان، 320i",125000,250000000,2007,tehran,12
"کیا،اپتیما، GT لاین",38000,650000000,2016,tehran,3
"کیا،اپتیما، ساده",140000,435000000,2014,tehran,5
"پژو،405، GLX دوگانه سوز",7000,89000000,1398,tehran,0
"پژو،206،  تیپ 2",200000,56000000,1389,tehran,9
"پراید،صندوق دار",250000,25800000,1387,tehran,11
"پژو،206،  تیپ 5",390000,45000000,1383,tehran,15
"نیسان،پاترول دو در",310000,63000000,1377,tehran,21
"ب ام و،X4، 28",12800,1770000000,2017,tehran,2
"سمند،LX، ساده",68000,68800000,1397,tehran,1
"بنز،کلاس E، E200",50000,900000000,2011,tehran,8
"تویوتا،هایلوکس دو کابین بلند، اتوماتیک",220000,400000000,2008,tehran,11
"بنز،کلاس C، C200",180000,480000000,2008,tehran,11
"لکسوس،NX هیبرید، 300h fsport",31000,1420000000,2017,tehran,2
"سانگ یانگ،تیوولی، آرمور",31000,338000000,2017,tehran,2
"کیا،اپتیما، ساده",115000,250000000,2010,tehran,9
"کیا،سورنتو، ساده",220000,270000000,2008,tehran,11
"تویوتا،لندکروز چهار در، 6 سیلندر 4.0",170000,1250000000,2010,tehran,9
"کیا،اسپورتیج، GT لاین",50000,520000000,2015,tehran,4
"ولوو،XC90، اینسکریپشن",28000,2200000000,2017,tehran,2
"ب ام و،سری 3 سدان، 320i",147000,320000000,2008,tehran,11
"ب ام و،سری 2 اکتیوتورر، 218i",0,820000000,2018,tehran,1
پورشه،ماکان,42000,2200000000,2017,tehran,2
"پژو،206،  تیپ 2",70,76000000,1396,tehran,2
"نیسان،مورانو، SL",0,285000000,2008,tehran,11
"سمند،LX، ساده",120000,59000000,1393,tehran,5
"سانگ یانگ،رکستون، G4",0,1025000000,2018,tehran,1
"هایما،S7،   1.8 لیتر توربو",0,314000000,1398,tehran,0
"جک،S5، اتوماتیک",47000,250000000,1396,tehran,2
"هیوندای،سوناتا هیبرید، تیپ 2 (GLS)",70000,620000000,2017,tehran,2
"کیا،سورنتو، GT لاین",26000,920000000,2017,tehran,2
"میتسوبیشی،لنسر، 1.8 لیتر اتوماتیک",0,417000000,2018,tehran,1
"پژو،پارس، ساده",227000,38000000,1384,tehran,14
"بنز،کلاس SL، SL500",88000,1250000000,2009,tehran,10
"هیوندای،سوناتا هیبرید، تیپ 3 (GLS Plus)",40000,670000000,2017,tehran,2
"تویوتا،پرادو  چهار در،  6 سیلندر",194000,670000000,2006,tehran,13
"سمند،LX، EF7 دوگانه سوز",36000,105000000,1397,tehran,1
"پژو،پارس، ساده",60000,86000000,1396,tehran,2
"هیوندای،سوناتا هیبرید، تیپ 3 (GLS Plus)",39000,675000000,2017,tehran,2
"لکسوس،ES، 350",191000,465000000,2008,tehran,11
"پژو،206،  تیپ 2",75000,67000000,1394,tehran,4
"هیوندای،آزرا (گرنجور)",177000,239000000,2007,tehran,12
"پراید،111، SE",20500,48500000,1397,tehran,1
"رنو،تندر90، E2",115000,105000000,1395,tehran,3
"سیتروئن،زانتیا، 2.0 لیتر SX",240000,61000000,1384,tehran,14
"چری،آریزو 5، اتوماتیک لاکچری",61200,138000000,1396,tehran,2
میتسوبیشی،پاجرو(مونتاژ),330000,240000000,1384,tehran,14
پورشه،ماکان,22000,2100000000,2017,tehran,2
"لیفان،X60،  دنده ای",118000,109000000,1394,tehran,4
"پژو،206،  تیپ 5",75000,79000000,1393,tehran,5
"پژو،206،  تیپ 2",0,91400000,1398,tehran,0
"پژو،405، GLX بنزینی",130000,57000000,1393,tehran,5
پژو،407,95000,210000000,2009,tehran,10
"دی اس،3",15000,365000000,2017,tehran,2
"برلیانس،H320، 1.5 اتوماتیک",41000,130000000,1396,tehran,2
"تویوتا،لندکروز چهار در، 6 سیلندر 4.5",80000,1300000000,2009,tehran,10
"پژو،405، GLX دوگانه سوز",140000,51000000,1392,tehran,6
"نیسان،جوک، اسکای پک",0,428000000,2017,tehran,2
"بنز،کلاس E کروک، E350",100000,1180000000,2012,tehran,7
"پاژن،وانت دو کابین",103000,155000000,1390,tehran,8
"پورشه،پانامرا، توربو",85000,1650000000,2011,tehran,8
"کیا،سراتو کوپ",130000,250000000,2012,tehran,7
"پژو،405، GLX بنزینی",80000,55000000,1393,tehran,5
"زوتی،آریو، 1.6 لیتر اتوماتیک",2500,132000000,1397,tehran,1
"ولوو،XC90، اینسکریپشن",18000,2650000000,2017,tehran,2
"بنز،کلاس S، S350",110000,890000000,2008,tehran,11
"بنز،کلاس E کروک، E350",30000,1380000000,2012,tehran,7
"لکسوس،NX هیبرید، 300h",60000,1270000000,2017,tehran,2
"نیسان،جوک، اسکای پک",41000,365000000,2016,tehran,3
"زوتی،آریو، 1.6 لیتر اتوماتیک",40000,122000000,1397,tehran,1
"پراید،132، SE",0,46000000,1398,tehran,0
"چری،تیگو 7، اکسلنت",0,375000000,1397,tehran,1
"لکسوس،ES، 350",160000,650000000,2010,tehran,9
"پراید،131، SE",87000,40500000,1396,tehran,2
"جک،جی 3 سدان",130000,51500000,1391,tehran,7
"پژو،206،  تیپ 5",67000,78000000,1393,tehran,5
"پژو،پارس، ساده",110000,69500000,1393,tehran,5
"دانگ فنگ،H30 کراس",42000,120000000,1395,tehran,3
"ب ام و،Z4، 28",66000,900000000,2014,tehran,5
"کیا،اپتیما، GT لاین",75000,660000000,2016,tehran,3
"ام جی،6، GT نیوفیس",58000,310000000,2016,tehran,3
"مزدا،3 جدید صندوق دار (مونتاژ)، 2.0 لیتر تیپ 4",0,427000000,1398,tehran,0
"نیسان،پاترول دو در",300000,65000000,1377,tehran,21
"تویوتا،86 GT",79000,445000000,2014,tehran,5
"لکسوس،RX، 350",135000,850000000,2012,tehran,7
"کیا،سورنتو، GT لاین",32000,865000000,2017,tehran,2
"پورشه،کاین،  6 سیلندر",140000,890000000,2010,tehran,9
"ب ام و،X4، 28",90000,1230000000,2015,tehran,4
"لکسوس،NX هیبرید، 300h",30000,1380000000,2017,tehran,2
"ب ام و،X3، 30",150000,390000000,2009,tehran,10
"ولوو،XC90، اینسکریپشن",28000,2500000000,2017,tehran,2
"ب ام و،X4، 28",4000,2050000000,2017,tehran,2
"کیا،سورنتو، GT لاین",59000,890000000,2017,tehran,2
"لکسوس،NX هیبرید، 300h fsport",27000,1400000000,2017,tehran,2
"پژو،206 SD، V8",107000,73500000,1394,tehran,4
"هایما،S7،   1.8 لیتر توربو",0,319000000,1398,tehran,0
"پژو،206،  تیپ 5",75000,66000000,1392,tehran,6
"نیسان،جوک، اسپرت",43000,485000000,2016,tehran,3
"ب ام و،X4، 28",23000,1730000000,2017,tehran,2
"تیبا،هاچ بک، EX",0,64700000,1398,tehran,0
"ب ام و،X6، 50",70000,1700000000,2013,tehran,6
"تویوتا،پرادو دو در، 4 سیلندر",163000,420000000,2008,tehran,11
"برلیانس،H320، 1.5 اتوماتیک",58000,124800000,1395,tehran,3
"لکسوس،NX، 200 توربو  fsport",77000,1100000000,2016,tehran,3
"سیتروئن،زانتیا، 2.0 لیتر SX",308000,62500000,1385,tehran,13
"بایک،سابرینا هاچ بک (مونتاژ)",0,106500000,1398,tehran,0
میتسوبیشی،میراژ,35000,215000000,2017,tehran,2
رنو،کولیوس,20000,805000000,2017,tehran,2
"هیوندای،آزرا (گرنجور)",200000,222000000,2007,tehran,12
هایما،S5,0,264000000,1398,tehran,0
"سیتروئن،زانتیا، 2.0 لیتر SX",280000,65000000,1385,tehran,13
"هیوندای،آزرا (گرنجور)",185000,312000000,2009,tehran,10
"هیوندای،سوناتا، شش سیلندر اتوماتیک",170000,240000000,2007,tehran,12
"هیوندای،آزرا (گرنجور)",127000,365000000,2011,tehran,8
"ب ام و،X1، 25",49000,1150000000,2017,tehran,2
"پژو،پارس، اتوماتیک",20000,130000000,1397,tehran,1
"هیوندای،آزرا (گرنجور)",140000,400000000,2010,tehran,9
"هیوندای،آزرا (گرنجور)",220000,255000000,2008,tehran,11
"پژو،پارس، ساده",280000,34000000,1385,tehran,13
"لکسوس،NX هیبرید، 300h",40000,1320000000,2017,tehran,2
"بنز،کلاس C، C200",132000,420000000,2008,tehran,11
"سمند،LX، EF7 دوگانه سوز",55000,94000000,1396,tehran,2
"ام وی ام،315هاچ بک، اسپرت اکسلنت",7000,110000000,1397,tehran,1
"دانگ فنگ،H30 کراس",48000,121000000,1395,tehran,3
"لکسوس،NX هیبرید، 300h fsport",54000,1090000000,2017,tehran,2
پورشه،ماکان,29000,2140000000,2017,tehran,2
"مزدا،3 جدید صندوق دار (مونتاژ)، 2.0 لیتر تیپ 4",35000,365000000,1396,tehran,2
"کیا،اپتیما، GT لاین",50000,695000000,2017,tehran,2
"لکسوس،NX، 200 توربو  fsport",25000,1160000000,2016,tehran,3
"پژو،206،  تیپ 2",67000,69000000,1395,tehran,3
"پژو،405، GLX بنزینی",0,77500000,1398,tehran,0
"کیا،اسپورتیج، GT لاین",5000,750000000,2017,tehran,2
"پژو،پارس، ساده",0,104500000,1398,tehran,0
میتسوبیشی،میراژ,17000,220000000,2017,tehran,2
"تویوتا،پرادو  چهار در،  6 سیلندر",190000,660000000,2008,tehran,11
"ب ام و،X4، 28",0,2085000000,2017,tehran,2
"پژو،206،  تیپ 5",131000,73000000,1393,tehran,5
"برلیانس،H320، 1.65 اتوماتیک",16500,157000000,1397,tehran,1
فولکس،گل,185000,44000000,1385,tehran,13
"پژو،206،  تیپ 5",59000,91000000,1396,tehran,2
"چری،آریزو 5TE،  اتوماتیک اکسلنت (توربو)",43000,187000000,1396,tehran,2
"بنز،کلاس C، C200",175000,460000000,2008,tehran,11
"جک،S5، اتوماتیک",100000,245000000,1395,tehran,3
"رنو،تندر90، E2",99000,105500000,1394,tehran,4
"هیوندای،آزرا (گرنجور)",248000,230000000,2007,tehran,12
"هایما،S7،   1.8 لیتر توربو",18500,275000000,1397,tehran,1
"هیوندای،وراکروز (ix55)",250000,500000000,2010,tehran,9
"پژو،405، GLX بنزینی",167000,57000000,1393,tehran,5
"پژو،پارس، ساده",217000,58000000,1390,tehran,8
"پراید،151، SE",0,56000000,1398,tehran,0
"پژو،405، SLX",102000,68000000,1394,tehran,4
"لکسوس،NX هیبرید، 300h",40000,1280000000,2017,tehran,2
"ب ام و،سری 6 کوپه، 630i",160000,600000000,2008,tehran,11
"سانگ یانگ،تیوولی، الیت",27000,349000000,2017,tehran,2
"بنز،کلاس C، C200",100000,480000000,2008,tehran,11
"ب ام و،X4، 28",60000,1400000000,2016,tehran,3
"بنز،کلاس S، S350",100000,1100000000,2007,tehran,12
"بنز،کلاس E، E230",200000,125000000,1992,tehran,27
"میتسوبیشی،ASX، تیپ 4",0,640000000,2018,tehran,1
"پژو،207 صندوقدار",0,166000000,1398,tehran,0
"ساینا،EX دنده ای",0,61700000,1398,tehran,0
"برلیانس،H230، دنده ای",45000,90000000,1396,tehran,2
"چری،آریزو 5TE،  اتوماتیک اکسلنت (توربو)",9800,230000000,1397,tehran,1
"ب ام و،X1، 25",18000,1200000000,2017,tehran,2
"ساینا،EX دنده ای",0,61100000,1398,tehran,0
"بسترن،B30، اتوماتیک",8900,203000000,1398,tehran,0
"پژو،پارس، ساده",80000,64500000,1391,tehran,7
"ب ام و،X4، 28",28000,1740000000,2017,tehran,2
"برلیانس،کراس، 1.65 لیتر",28000,166000000,1397,tehran,1
"مزدا،3 جدید صندوق دار (مونتاژ)، 2.0 لیتر تیپ 1",135000,207000000,1390,tehran,8
"میتسوبیشی،ASX، تیپ 4",42000,520000000,2017,tehran,2
"میتسوبیشی،ASX، تیپ 4",35000,520000000,2017,tehran,2
"تویوتا،هایلوکس دو کابین، دنده ای",180000,295000000,2006,tehran,13
"نیسان،جوک، اسپرت",0,590000000,2017,tehran,2
ایسوزو،وانت,800000,111111111,2007,tehran,12
"پراید،صندوق دار",125000,27500000,1389,tehran,9
"کیا،سراتو کوپ",116000,269000000,2012,tehran,7
تویوتا،هایس,45000,395000000,2010,tehran,9
"پژو،206،  تیپ 2",48000,80000000,1396,tehran,2
"تویوتا،کرولا، GLI",204000,247000000,2008,tehran,11
"هیوندای،آزرا (گرنجور)",200000,230000000,2007,tehran,12
"مزدا،3 جدید صندوق دار (مونتاژ)، 2.0 لیتر تیپ 3",170000,230000000,1390,tehran,8
"هایما،S7،   1.8 لیتر توربو",16000,285000000,1397,tehran,1
"پژو،پارس، ساده",0,104900000,1398,tehran,0
"جک،S5، اتوماتیک",50000,256000000,1396,tehran,2
"پژو،206،  تیپ 2",300000,44000000,1387,tehran,11
هایما،S5,0,285500000,1398,tehran,0
"جک،S5، اتوماتیک",0,304000000,1398,tehran,0
"هیوندای،جنسیس کوپه",88000,310000000,2010,tehran,9
"لکسوس،NX هیبرید، 300h fsport",39000,1450000000,2017,tehran,2
"پژو،206،  تیپ 5",46000,75000000,1393,tehran,5
"هیوندای،جنسیس کوپه",96000,322000000,2011,tehran,8
پژو،2008,0,377000000,1398,tehran,0
"ب ام و،سری 5 سدان، 525i",185000,257000000,2005,tehran,14
"پژو،206،  تیپ 2",0,91800000,1398,tehran,0
"پژو،پارس، اتوماتیک",146000,73000000,1390,tehran,8
"ب ام و،X4، 28",51000,1170000000,2015,tehran,4
"پژو،پارس، اتوماتیک",0,145500000,1398,tehran,0
"کیا،موهاوی، 8 سیلندر",120000,565000000,2011,tehran,8
"پورشه،کاین،  6 سیلندر",70000,1600000000,2012,tehran,7
"پژو،206 SD، V8",129000,62000000,1389,tehran,9
"پژو،206 SD، V8",0,109800000,1398,tehran,0
